{"dataset_name": "Lightning7", "m": 5, "R": 3, "classification_accuracy": 0.2602739726027397, "forecasting_metrics": {"rmse_per_class": [0.9148458839502016, 1.270921976472154, 3.2930476249947236, 1.7877775285620416, 0.9101995094683115, 1.1974217775990335, 1.0438120815691767], "average_rmse": 1.488289483230806, "train_time": 484.28810381889343}, "train_time": 317.35291814804077}
