{"dataset_name": "Lightning7", "m": 5, "R": 1, "classification_accuracy": 0.3013698630136986, "forecasting_metrics": {"rmse_per_class": [2.6241314843475267, 1.3101837704663044, 2.943513748835038, 1.6242464423174878, 0.8285067283825013, 0.9402333783078215, 1.1345654560958893], "average_rmse": 1.6293401441075102, "train_time": 30.757519721984863}, "train_time": 24.695427179336548}
{"dataset_name": "Lightning7", "m": 5, "R": 2, "classification_accuracy": 0.2602739726027397, "forecasting_metrics": {"rmse_per_class": [1.0740880743327426, 1.051879367351371, 3.1596990823256244, 1.660839034291798, 0.9478310570083265, 1.3496735098325303, 1.04408661763129], "average_rmse": 1.4697281061105263, "train_time": 183.68947172164917}, "train_time": 98.84679555892944}
{"dataset_name": "Lightning7", "m": 5, "R": 3, "classification_accuracy": 0.2465753424657534, "forecasting_metrics": {"rmse_per_class": [1.1922942253668034, 0.8884542306866814, 3.2086418932158804, 1.703543774743582, 0.8696679314023367, 1.3670117108779454, 1.0468142653993724], "average_rmse": 1.4680611473846574, "train_time": 406.59028005599976}, "train_time": 383.94843578338623}
{"dataset_name": "Lightning7", "m": 5, "R": 5, "classification_accuracy": 0.273972602739726, "forecasting_metrics": {"rmse_per_class": [2.5063831148092732, 1.727569495606363, 1.9552719809594847, 1.0335437165871022, 1.3137241558644865, 0.8073060770853694, 1.2009030689794686], "average_rmse": 1.5063859442702214, "train_time": 2074.448832988739}, "train_time": 2349.526829957962}
