m,accuracy,forecast_error,train_time
3,40.13605442176871,1.742183912847291,17.832491874694824
5,40.28767123287671,1.718992374918273,21.4473819732666
8,43.04109589041096,1.689774918273849,23.118274211883545
10,44.082191780821915,1.672884719283749,25.603992223739624
