{"dataset_name": "HouseTwenty", "m": 5, "R": 2, "classification_accuracy": 0.7310924369747899, "forecasting_metrics": {"rmse_per_class": [671.8314534522522, 630.2068672534513], "average_rmse": 651.0191603528517, "train_time": 25.470480918884277}, "train_time": 20.381049633026123}
{"dataset_name": "HouseTwenty", "m": 5, "R": 2, "classification_accuracy": 0.7310924369747899, "forecasting_metrics": {"rmse_per_class": [519.4030872624974, 630.5684090032921], "average_rmse": 574.9857481328947, "train_time": 48.75808811187744}, "train_time": 19.49014925956726}
{"dataset_name": "HouseTwenty", "m": 5, "R": 2, "classification_accuracy": 0.7394957983193278, "forecasting_metrics": {"rmse_per_class": [494.3638805544889, 584.0687436332057], "average_rmse": 539.2163120938474, "train_time": 18.934508800506592}, "train_time": 20.537076950073242}
{"dataset_name": "HouseTwenty", "m": 5, "R": 3, "classification_accuracy": 0.7142857142857143, "forecasting_metrics": {"rmse_per_class": [457.2912907892354, 601.5166097960287], "average_rmse": 529.4039502926321, "train_time": 52.10723090171814}, "train_time": 47.187397480010986}
{"dataset_name": "HouseTwenty", "m": 5, "R": 3, "classification_accuracy": 0.7142857142857143, "forecasting_metrics": {"rmse_per_class": [754.4692878813364, 631.1123615566672], "average_rmse": 692.7908247190019, "train_time": 49.82775592803955}, "train_time": 49.94681406021118}
{"dataset_name": "HouseTwenty", "m": 5, "R": 3, "classification_accuracy": 0.7478991596638656, "forecasting_metrics": {"rmse_per_class": [562.5577348455624, 606.1024713712221], "average_rmse": 584.3301031083922, "train_time": 47.35327124595642}, "train_time": 49.482661962509155}
{"dataset_name": "HouseTwenty", "m": 10, "R": 2, "classification_accuracy": 0.7647058823529411, "forecasting_metrics": {"rmse_per_class": [2022.486037350073, 1926.404338681301], "average_rmse": 1974.445188015687, "train_time": 41.12119793891907}, "train_time": 19.67041254043579}
{"dataset_name": "HouseTwenty", "m": 10, "R": 2, "classification_accuracy": 0.7563025210084033, "forecasting_metrics": {"rmse_per_class": [432.240445349306, 1780.2483956841813], "average_rmse": 1106.2444205167437, "train_time": 18.68595814704895}, "train_time": 19.753103494644165}
{"dataset_name": "HouseTwenty", "m": 10, "R": 2, "classification_accuracy": 0.7647058823529411, "forecasting_metrics": {"rmse_per_class": [398.42940116140255, 600.9561298977989], "average_rmse": 499.6927655296007, "train_time": 23.968644618988037}, "train_time": 28.903660535812378}
{"dataset_name": "HouseTwenty", "m": 10, "R": 3, "classification_accuracy": 0.7563025210084033, "forecasting_metrics": {"rmse_per_class": [357.34636717036824, 1081.9997309028017], "average_rmse": 719.673049036585, "train_time": 52.100149393081665}, "train_time": 53.86786246299744}
{"dataset_name": "HouseTwenty", "m": 10, "R": 3, "classification_accuracy": 0.7647058823529411, "forecasting_metrics": {"rmse_per_class": [463.3895183639859, 620.7770929486867], "average_rmse": 542.0833056563363, "train_time": 70.40178108215332}, "train_time": 78.2769706249237}
{"dataset_name": "HouseTwenty", "m": 10, "R": 3, "classification_accuracy": 0.7647058823529411, "forecasting_metrics": {"rmse_per_class": [1092.8732650588515, 783.9436817130063], "average_rmse": 938.4084733859289, "train_time": 48.17002844810486}, "train_time": 53.53874492645264}
