{"dataset_name": "PowerCons", "m": 5, "R": 2, "classification_accuracy": 0.9055555555555556, "forecasting_metrics": {"rmse_per_class": [0.929930335869574, 1.3831896390409086], "average_rmse": 1.1565599874552412, "train_time": 724.9374129772186}, "train_time": 2116.13543176651}
{"dataset_name": "PowerCons", "m": 5, "R": 2, "classification_accuracy": 0.9166666666666666, "forecasting_metrics": {"rmse_per_class": [0.9298184829941412, 1.3828750206680056], "average_rmse": 1.1563467518310735, "train_time": 717.2806973457336}, "train_time": 2094.4672770500183}
{"dataset_name": "PowerCons", "m": 5, "R": 2, "classification_accuracy": 0.9, "forecasting_metrics": {"rmse_per_class": [1.016606278166067, 1.6412877090873113], "average_rmse": 1.328946993626689, "train_time": 736.0960931777954}, "train_time": 2001.4881942272186}
